Year,Player,Pos,Team,,,
2001,Allen Iverson,G,Philadelphia Sixers,,,
2001,Tracy McGrady,GF,Orlando Magic,,,
2001,Vince Carter,SF,Toronto Raptors,,,
2001,Alonzo Mourning,C,Miami Heat,,,
2001,Grant Hill,SF,Orlando Magic,,,
2001,Ray Allen,SG,Milwaukee Bucks,,,
2001,Antonio Davis,FC,Toronto Raptors,,,
2001,Theo Ratliff,C,Philadelphia Sixers,,,
2001,Glenn Robinson,SF,Milwaukee Bucks,,,
2001,Jerry Stackhouse,SF,Detroit Pistons,,,
2001,Stephon Marbury,G,New Jersey Nets,,,
2001,Anthony Mason,PF,Miami Heat,,,
2001,Dikembe Mutombo,C,Atlanta Hawks,,,
2001,Latrell Sprewell,SG,New York Knicks,,,
2001,Allan Houston,G,New York Knicks,,,
2001,Jason Kidd,PG,Phoenix Suns,,,
2001,Kobe Bryant,SG,Los Angeles Lakers,,,
2001,Tim Duncan,FC,San Antonio Spurs,,,
2001,Shaquille O'Neal,C,Los Angeles Lakers,,,
2001,Chris Webber,F-C,Sacramento Kings,,,
2001,Michael Finley,G-F,Dallas Mavericks,,,
2001,Kevin Garnett,PF,Minnesota Timberwolves,,,
2001,Karl Malone,PF,Utah Jazz,,,
2001,Antonio McDyess,F,Denver Nuggets,,,
2001,Gary Payton,G,Seattle SuperSonics,,,
2001,Rasheed Wallace,FC,Portland Trail Blazers,,,
2001,David Robinson,C,San Antonio Spurs,,,
2001,Vlade Divac,C,Sacramento Kings,,,
2002,Dikembe Mutombo,C,Philadelphia Sixers,,,
2002,Vince Carter,SF,Toronto Raptors,,,
2002,Antoine Walker,F,Boston Celtics,,,
2002,Allen Iverson,G,Philadelphia Sixers,,,
2002,Ray Allen,SG,Milwaukee Bucks,,,
2002,Shareef Abdur-Rahim,F,Atlanta Hawks,,,
2002,Jason Kidd,PG,New Jersey Nets,,,
2002,Tracy McGrady,GF,Orlando Magic,,,
2002,Alonzo Mourning,C,Miami Heat,,,
2002,Paul Pierce,SF,Boston Celtics,,,
2002,Jermaine O'Neal,FC,Indiana Pacers,,,
2002,Baron Davis,G,Charlotte Hornets,,,
2002,Michael Jordan,SG,Washington Wizards,,,
2002,Shaquille O'Neal,C,Los Angeles Lakers,,,
2002,Tim Duncan,FC,San Antonio Spurs,,,
2002,Kevin Garnett,PF,Minnesota Timberwolves,,,
2002,Kobe Bryant,SG,Los Angeles Lakers,,,
2002,Steve Francis,G,Houston Rockets,,,
2002,Karl Malone,PF,Utah Jazz,,,
2002,Steve Nash,G,Dallas Mavericks,,,
2002,Dirk Nowitzki,PF,Dallas Mavericks,,,
2002,Gary Payton,G,Seattle SuperSonics,,,
2002,Peja Stojakovic,F,Sacramento Kings,,,
2002,Wally Szczerbiak,F,Minnesota Timberwolves,,,
2002,Chris Webber,F-C,Sacramento Kings,,,
2002,Elton Brand,PF,Los Angeles Clippers,,,
2003,Ben Wallace,FC,Detroit Pistons,,,
2003,Jermaine O'Neal,FC,Indiana Pacers,,,
2003,Tracy McGrady,GF,Orlando Magic,,,
2003,Allen Iverson,G,Philadelphia Sixers,,,
2003,Jason Kidd,PG,New Jersey Nets,,,
2003,Paul Pierce,SF,Boston Celtics,,,
2003,Antoine Walker,F,Boston Celtics,,,
2003,Zydrunas Ilgauskas,C,Cleveland Cavaliers,,,
2003,Michael Jordan,SG,Washington Wizards,,,
2003,Jamal Mashburn,SF,New Orleans Hornets,,,
2003,Vince Carter,SF,Toronto Raptors,,,
2003,Brad Miller,C,Indiana Pacers,,,
2003,Steve Francis,G,Houston Rockets,,,
2003,Yao Ming,C,Houston Rockets,,,
2003,Kobe Bryant,SG,Los Angeles Lakers,,,
2003,Kevin Garnett,PF,Minnesota Timberwolves,,,
2003,Tim Duncan,FC,San Antonio Spurs,,,
2003,Shaquille O'Neal,C,Los Angeles Lakers,,,
2003,Stephon Marbury,G,Phoenix Suns,,,
2003,Shawn Marion,F,Phoenix Suns,,,
2003,Steve Nash,G,Dallas Mavericks,,,
2003,Dirk Nowitzki,PF,Dallas Mavericks,,,
2003,Gary Payton,G,Seattle SuperSonics,,,
2003,Peja Stojakovic,F,Sacramento Kings,,,
2003,Chris Webber,F-C,Sacramento Kings,,,
2004,Steve Francis,G,Houston Rockets,,,
2004,Yao Ming,C,Houston Rockets,,,
2004,Kobe Bryant,SG,Los Angeles Lakers,,,
2004,Kevin Garnett,PF,Minnesota Timberwolves,,,
2004,Tim Duncan,FC,San Antonio Spurs,,,
2004,Shaquille O'Neal,C,Los Angeles Lakers,,,
2004,Andrei Kirilenko,PF,Utah Jazz,,,
2004,Dirk Nowitzki,PF,Dallas Mavericks,,,
2004,Peja Stojakovic,F,Sacramento Kings,,,
2004,Ray Allen,SG,Seattle SuperSonics,,,
2004,Brad Miller,C,Sacramento Kings,,,
2004,Sam Cassell,G,Minnesota Timberwolves,,,
2004,Ben Wallace,FC,Detroit Pistons,,,
2004,Jermaine O'Neal,FC,Indiana Pacers,,,
2004,Tracy McGrady,GF,Orlando Magic,,,
2004,Allen Iverson,G,Philadelphia Sixers,,,
2004,Vince Carter,SF,Toronto Raptors,,,
2004,Jason Kidd,PG,New Jersey Nets,,,
2004,Paul Pierce,SF,Boston Celtics,,,
2004,Baron Davis,G,New Orleans Hornets,,,
2004,Metta World Peace,SF,Indiana Pacers,,,
2004,Michael Redd,G,Milwaukee Bucks,,,
2004,Kenyon Martin,F,New Jersey Nets,,,
2004,Jamaal Magloire,C,New Orleans Hornets,,,
2005,Kobe Bryant,SG,Los Angeles Lakers,,,
2005,Tracy McGrady,GF,Houston Rockets,,,
2005,Kevin Garnett,PF,Minnesota Timberwolves,,,
2005,Tim Duncan,FC,San Antonio Spurs,,,
2005,Yao Ming,C,Houston Rockets,,,
2005,Manu Ginobili,SG,San Antonio Spurs,,,
2005,Amar'e Stoudemire,FC,Phoenix Suns,,,
2005,Ray Allen,SG,Seattle SuperSonics,,,
2005,Shawn Marion,F,Phoenix Suns,,,
2005,Steve Nash,G,Phoenix Suns,,,
2005,Dirk Nowitzki,PF,Dallas Mavericks,,,
2005,Rashard Lewis,F,Seattle SuperSonics,,,
2005,Allen Iverson,G,Philadelphia Sixers,,,
2005,LeBron James,F,Cleveland Cavaliers,,,
2005,Vince Carter,SF,New Jersey Nets,,,
2005,Shaquille O'Neal,C,Miami Heat,,,
2005,Grant Hill,SF,Orlando Magic,,,
2005,Gilbert Arenas,G,Washington Wizards,,,
2005,Antawn Jamison,F,Washington Wizards,,,
2005,Dwyane Wade,SG,Miami Heat,,,
2005,Zydrunas Ilgauskas,C,Cleveland Cavaliers,,,
2005,Jermaine O'Neal,FC,Indiana Pacers,,,
2005,Ben Wallace,FC,Detroit Pistons,,,
2005,Paul Pierce,SF,Boston Celtics,,,
2006,Steve Nash,G,Phoenix Suns,,,
2006,Kobe Bryant,SG,Los Angeles Lakers,,,
2006,Tracy McGrady,GF,Houston Rockets,,,
2006,Tim Duncan,FC,San Antonio Spurs,,,
2006,Yao Ming,C,Houston Rockets,,,
2006,Ray Allen,SG,Seattle SuperSonics,,,
2006,Elton Brand,PF,Los Angeles Clippers,,,
2006,Kevin Garnett,PF,Minnesota Timberwolves,,,
2006,Pau Gasol,FC,Memphis Grizzlies,,,
2006,Shawn Marion,F,Phoenix Suns,,,
2006,Dirk Nowitzki,PF,Dallas Mavericks,,,
2006,Tony Parker,G,San Antonio Spurs,,,
2006,Allen Iverson,G,Philadelphia Sixers,,,
2006,Dwyane Wade,SG,Miami Heat,,,
2006,LeBron James,F,Cleveland Cavaliers,,,
2006,Shaquille O'Neal,C,Miami Heat,,,
2006,Jermaine O'Neal,FC,Indiana Pacers,,,
2006,Chauncey Billups,G,Detroit Pistons,,,
2006,Chris Bosh,PF,Toronto Raptors,,,
2006,Vince Carter,SF,New Jersey Nets,,,
2006,Richard Hamilton,SG,Detroit Pistons,,,
2006,Paul Pierce,SF,Boston Celtics,,,
2006,Ben Wallace,FC,Detroit Pistons,,,
2006,Rasheed Wallace,FC,Detroit Pistons,,,
2006,Gilbert Arenas,G,Washington Wizards,,,
2007,Kobe Bryant,SG,Los Angeles Lakers,,,
2007,Tracy McGrady,GF,Houston Rockets,,,
2007,Kevin Garnett,PF,Minnesota Timberwolves,,,
2007,Tim Duncan,FC,San Antonio Spurs,,,
2007,Yao Ming,C,Houston Rockets,,,
2007,Steve Nash,G,Phoenix Suns,,,
2007,Amar'e Stoudemire,FC,Phoenix Suns,,,
2007,Carlos Boozer,PF,Utah Jazz,,,
2007,Tony Parker,G,San Antonio Spurs,,,
2007,Allen Iverson,G,Denver Nuggets,,,
2007,Shawn Marion,F,Phoenix Suns,,,
2007,Dirk Nowitzki,PF,Dallas Mavericks,,,
2007,Ray Allen,SG,Seattle SuperSonics,,,
2007,Carmelo Anthony,F,Denver Nuggets,,,
2007,Josh Howard,GF,Dallas Mavericks,,,
2007,Mehmet Okur,FC,Utah Jazz,,,
2007,Gilbert Arenas,G,Washington Wizards,,,
2007,Dwyane Wade,SG,Miami Heat,,,
2007,LeBron James,F,Cleveland Cavaliers,,,
2007,Chris Bosh,PF,Toronto Raptors,,,
2007,Shaquille O'Neal,C,Miami Heat,,,
2007,Chauncey Billups,G,Detroit Pistons,,,
2007,Caron Butler,SF,Washington Wizards,,,
2007,Vince Carter,SF,New Jersey Nets,,,
2007,Richard Hamilton,SG,Detroit Pistons,,,
2007,Dwight Howard,C,Orlando Magic,,,
2007,Jason Kidd,PG,New Jersey Nets,,,
2007,Jermaine O'Neal,FC,Indiana Pacers,,,
2007,Joe Johnson,SG,Atlanta Hawks,,,
2008,Carlos Boozer,PF,Utah Jazz,,,
2008,Steve Nash,G,Phoenix Suns,,,
2008,Dirk Nowitzki,PF,Dallas Mavericks,,,
2008,Chris Paul,PG,New Orleans Hornets,,,
2008,Brandon Roy,G,Portland Trail Blazers,,,
2008,Amar'e Stoudemire,FC,Phoenix Suns,,,
2008,David West,PF,New Orleans Hornets,,,
2008,Allen Iverson,G,Denver Nuggets,,,
2008,Kobe Bryant,SG,Los Angeles Lakers,,,
2008,Carmelo Anthony,F,Denver Nuggets,,,
2008,Tim Duncan,FC,San Antonio Spurs,,,
2008,Yao Ming,C,Houston Rockets,,,
2008,Jason Kidd,PG,New Jersey Nets,,,
2008,Dwyane Wade,SG,Miami Heat,,,
2008,LeBron James,F,Cleveland Cavaliers,,,
2008,Kevin Garnett,PF,Boston Celtics,,,
2008,Dwight Howard,C,Orlando Magic,,,
2008,Chauncey Billups,G,Detroit Pistons,,,
2008,Chris Bosh,PF,Toronto Raptors,,,
2008,Caron Butler,SF,Washington Wizards,,,
2008,Richard Hamilton,SG,Detroit Pistons,,,
2008,Antawn Jamison,F,Washington Wizards,,,
2008,Joe Johnson,SG,Atlanta Hawks,,,
2008,Paul Pierce,SF,Boston Celtics,,,
2008,Ray Allen,SG,Boston Celtics,,,
2008,Rasheed Wallace,FC,Detroit Pistons,,,
2009,Chauncey Billups,G,Denver Nuggets,,,
2009,Pau Gasol,FC,Los Angeles Lakers,,,
2009,Dirk Nowitzki,PF,Dallas Mavericks,,,
2009,Shaquille O'Neal,C,Phoenix Suns,,,
2009,Tony Parker,G,San Antonio Spurs,,,
2009,Brandon Roy,G,Portland Trail Blazers,,,
2009,David West,PF,New Orleans Hornets,,,
2009,Kobe Bryant,SG,Los Angeles Lakers,,,
2009,Tim Duncan,FC,San Antonio Spurs,,,
2009,Chris Paul,PG,New Orleans Hornets,,,
2009,Yao Ming,C,Houston Rockets,,,
2009,Amar'e Stoudemire,FC,Phoenix Suns,,,
2009,Kevin Garnett,PF,Boston Celtics,,,
2009,Dwight Howard,C,Orlando Magic,,,
2009,Allen Iverson,G,Detroit Pistons,,,
2009,LeBron James,F,Cleveland Cavaliers,,,
2009,Dwyane Wade,SG,Miami Heat,,,
2009,Chris Bosh,PF,Toronto Raptors,,,
2009,Danny Granger,GF,Indiana Pacers,,,
2009,Devin Harris,G,New Jersey Nets,,,
2009,Joe Johnson,SG,Atlanta Hawks,,,
2009,Rashard Lewis,F,Orlando Magic,,,
2009,Jameer Nelson,G,Orlando Magic,,,
2009,Paul Pierce,SF,Boston Celtics,,,
2009,Ray Allen,SG,Boston Celtics,,,
2009,Mo Williams,G,Cleveland Cavaliers,,,
2010,Deron Williams,PG,Utah Jazz,,,
2010,Chris Paul,PG,New Orleans Hornets,,,
2010,Pau Gasol,FC,Los Angeles Lakers,,,
2010,Kevin Durant,SF,Oklahoma City Thunder,,,
2010,Dirk Nowitzki,PF,Dallas Mavericks,,,
2010,Zach Randolph,PF,Memphis Grizzlies,,,
2010,Brandon Roy,G,Portland Trail Blazers,,,
2010,Steve Nash,G,Phoenix Suns,,,
2010,Kobe Bryant,SG,Los Angeles Lakers,,,
2010,Amar'e Stoudemire,FC,Phoenix Suns,,,
2010,Tim Duncan,FC,San Antonio Spurs,,,
2010,Carmelo Anthony,F,Denver Nuggets,,,
2010,Chauncey Billups,G,Denver Nuggets,,,
2010,Chris Kaman,C,Los Angeles Clippers,,,
2010,Jason Kidd,PG,Dallas Mavericks,,,
2010,LeBron James,F,Cleveland Cavaliers,,,
2010,Kevin Garnett,PF,Boston Celtics,,,
2010,Allen Iverson,G,Philadelphia Sixers,,,
2010,Dwyane Wade,SG,Miami Heat,,,
2010,Dwight Howard,C,Orlando Magic,,,
2010,Rajon Rondo,PG,Boston Celtics,,,
2010,Derrick Rose,PG,Chicago Bulls,,,
2010,Paul Pierce,SF,Boston Celtics,,,
2010,Chris Bosh,PF,Toronto Raptors,,,
2010,Gerald Wallace,F,Charlotte Bobcats,,,
2010,Joe Johnson,SG,Atlanta Hawks,,,
2010,Al Horford,FC,Atlanta Hawks,,,
2010,David Lee,FC,New York Knicks,,,
2011,Carmelo Anthony,F,Denver Nuggets,,,
2011,Kobe Bryant,SG,Los Angeles Lakers,,,
2011,Kevin Durant,SF,Oklahoma City Thunder,,,
2011,Chris Paul,PG,New Orleans Hornets,,,
2011,Yao Ming,C,Houston Rockets,,,
2011,Manu Ginobili,SG,San Antonio Spurs,,,
2011,Dirk Nowitzki,PF,Dallas Mavericks,,,
2011,Pau Gasol,FC,Los Angeles Lakers,,,
2011,Deron Williams,PG,Utah Jazz,,,
2011,Russell Westbrook,G,Oklahoma City Thunder,,,
2011,Blake Griffin,PF,Los Angeles Clippers,,,
2011,Tim Duncan,FC,San Antonio Spurs,,,
2011,Kevin Love,FC,Minnesota Timberwolves,,,
2011,Dwyane Wade,SG,Miami Heat,,,
2011,Amar'e Stoudemire,FC,New York Knicks,,,
2011,Dwight Howard,C,Orlando Magic,,,
2011,LeBron James,F,Miami Heat,,,
2011,Derrick Rose,PG,Chicago Bulls,,,
2011,Kevin Garnett,PF,Boston Celtics,,,
2011,Paul Pierce,SF,Boston Celtics,,,
2011,Rajon Rondo,PG,Boston Celtics,,,
2011,Ray Allen,SG,Boston Celtics,,,
2011,Al Horford,FC,Atlanta Hawks,,,
2011,Joe Johnson,SG,Atlanta Hawks,,,
2011,Chris Bosh,PF,Miami Heat,,,
2012,Derrick Rose,PG,Chicago Bulls,,,
2012,Dwyane Wade,SG,Miami Heat,,,
2012,LeBron James,F,Miami Heat,,,
2012,Carmelo Anthony,F,New York Knicks,,,
2012,Dwight Howard,C,Orlando Magic,,,
2012,Chris Bosh,PF,Miami Heat,,,
2012,Roy Hibbert,C,Indiana Pacers,,,
2012,Paul Pierce,SF,Boston Celtics,,,
2012,Deron Williams,PG,New Jersey Nets,,,
2012,Luol Deng,GF,Chicago Bulls,,,
2012,Andre Iguodala,SF,Philadelphia Sixers,,,
2012,Joe Johnson,SG,Atlanta Hawks,,,
2012,Rajon Rondo,PG,Boston Celtics,,,
2012,Kobe Bryant,SG,Los Angeles Lakers,,,
2012,Chris Paul,PG,Los Angeles Clippers,,,
2012,Kevin Durant,SF,Oklahoma City Thunder,,,
2012,Blake Griffin,PF,Los Angeles Clippers,,,
2012,Andrew Bynum,C,Los Angeles Lakers,,,
2012,Kevin Love,FC,Minnesota Timberwolves,,,
2012,LaMarcus Aldridge,FC,Portland Trail Blazers,,,
2012,Russell Westbrook,G,Oklahoma City Thunder,,,
2012,Dirk Nowitzki,PF,Dallas Mavericks,,,
2012,Tony Parker,G,San Antonio Spurs,,,
2012,Steve Nash,G,Phoenix Suns,,,
2012,Marc Gasol,C,Memphis Grizzlies,,,
2013,Kevin Durant,SF,Oklahoma City Thunder,,,
2013,Dwight Howard,C,Los Angeles Lakers,,,
2013,Blake Griffin,PF,Los Angeles Clippers,,,
2013,Kobe Bryant,SG,Los Angeles Lakers,,,
2013,Chris Paul,PG,Los Angeles Clippers,,,
2013,Tim Duncan,FC,San Antonio Spurs,,,
2013,Tony Parker,G,San Antonio Spurs,,,
2013,Russell Westbrook,G,Oklahoma City Thunder,,,
2013,James Harden,SG,Houston Rockets,,,
2013,Zach Randolph,PF,Memphis Grizzlies,,,
2013,LaMarcus Aldridge,FC,Portland Trail Blazers,,,
2013,David Lee,FC,Golden State Warriors,,,
2013,Dwyane Wade,SG,Miami Heat,,,
2013,LeBron James,F,Miami Heat,,,
2013,Rajon Rondo,PG,Boston Celtics,,,
2013,Carmelo Anthony,F,New York Knicks,,,
2013,Kevin Garnett,PF,Boston Celtics,,,
2013,Chris Bosh,PF,Miami Heat,,,
2013,Tyson Chandler,C,New York Knicks,,,
2013,Joakim Noah,FC,Chicago Bulls,,,
2013,Paul George,GF,Indiana Pacers,,,
2013,Luol Deng,GF,Chicago Bulls,,,
2013,Jrue Holiday,G,Philadelphia Sixers,,,
2013,Kyrie Irving,G,Cleveland Cavaliers,,,
2013,Brook Lopez,C,Brooklyn Nets,,,
2014,LaMarcus Aldridge,FC,Portland Trail Blazers,,,
2014,Damian Lillard,G,Portland Trail Blazers,,,
2014,Chris Paul,PG,Los Angeles Clippers,,,
2014,Tony Parker,G,San Antonio Spurs,,,
2014,James Harden,SG,Houston Rockets,,,
2014,Dwight Howard,C,Houston Rockets,,,
2014,Dirk Nowitzki,PF,Dallas Mavericks,,,
2014,Kevin Durant,SF,Oklahoma City Thunder,,,
2014,Kobe Bryant,SG,Los Angeles Lakers,,,
2014,Stephen Curry,G,Golden State Warriors,,,
2014,Blake Griffin,PF,Los Angeles Clippers,,,
2014,Kevin Love,FC,Minnesota Timberwolves,,,
2014,Anthony Davis,PF,New Orleans Pelicans,,,
2014,LeBron James,F,Miami Heat,,,
2014,Dwyane Wade,SG,Miami Heat,,,
2014,Kyrie Irving,G,Cleveland Cavaliers,,,
2014,Paul George,GF,Indiana Pacers,,,
2014,Carmelo Anthony,F,New York Knicks,,,
2014,Roy Hibbert,C,Indiana Pacers,,,
2014,Paul Millsap,FC,Atlanta Hawks,,,
2014,DeMar DeRozan,GF,Toronto Raptors,,,
2014,John Wall,PG,Washington Wizards,,,
2014,Joakim Noah,FC,Chicago Bulls,,,
2014,Joe Johnson,SG,Brooklyn Nets,,,
2014,Chris Bosh,PF,Miami Heat,,,
2015,LeBron James,F,Cleveland Cavaliers,,,
2015,John Wall,PG,Washington Wizards,,,
2015,Kyle Lowry,PG,Toronto Raptors,,,
2015,Pau Gasol,FC,Chicago Bulls,,,
2015,Carmelo Anthony,F,New York Knicks,,,
2015,Al Horford,FC,Atlanta Hawks,,,
2015,Jeff Teague,PG,Atlanta Hawks,,,
2015,Paul Millsap,FC,Atlanta Hawks,,,
2015,Jimmy Butler,GF,Chicago Bulls,,,
2015,Kyrie Irving,G,Cleveland Cavaliers,,,
2015,Chris Bosh,PF,Miami Heat,,,
2015,Dwyane Wade,SG,Miami Heat,,,
2015,Kyle Korver,SF,Atlanta Hawks,,,
2015,Stephen Curry,G,Golden State Warriors,,,
2015,Kobe Bryant,SG,Los Angeles Lakers,,,
2015,Anthony Davis,PF,New Orleans Pelicans,,,
2015,Marc Gasol,C,Memphis Grizzlies,,,
2015,Blake Griffin,PF,Los Angeles Clippers,,,
2015,James Harden,SG,Houston Rockets,,,
2015,Klay Thompson,G,Golden State Warriors,,,
2015,LaMarcus Aldridge,FC,Portland Trail Blazers,,,
2015,Russell Westbrook,G,Oklahoma City Thunder,,,
2015,Kevin Durant,SF,Oklahoma City Thunder,,,
2015,Tim Duncan,FC,San Antonio Spurs,,,
2015,Chris Paul,PG,Los Angeles Clippers,,,
2015,DeMarcus Cousins,C,Sacramento Kings,,,
2015,Damian Lillard,G,Portland Trail Blazers,,,
2015,Dirk Nowitzki,PF,Dallas Mavericks,,,
2016,LeBron James,F,Cleveland Cavaliers,,,
2016,Dwyane Wade,SG,Miami Heat,,,
2016,Paul George,GF,Indiana Pacers,,,
2016,Carmelo Anthony,F,New York Knicks,,,
2016,Kyle Lowry,PG,Toronto Raptors,,,
2016,Jimmy Butler,GF,Chicago Bulls,,,
2016,DeMar DeRozan,GF,Toronto Raptors,,,
2016,Paul Millsap,FC,Atlanta Hawks,,,
2016,Andre Drummond,C,Detroit Pistons,,,
2016,Chris Bosh,PF,Miami Heat,,,
2016,John Wall,PG,Washington Wizards,,,
2016,Isaiah Thomas,PG,Boston Celtics,,,
2016,Pau Gasol,FC,Chicago Bulls,,,
2016,Al Horford,FC,Atlanta Hawks,,,
2016,Kobe Bryant,SG,Los Angeles Lakers,,,
2016,Kevin Durant,SF,Oklahoma City Thunder,,,
2016,Kawhi Leonard,F,San Antonio Spurs,,,
2016,Stephen Curry,G,Golden State Warriors,,,
2016,Russell Westbrook,G,Oklahoma City Thunder,,,
2016,Draymond Green,F,Golden State Warriors,,,
2016,James Harden,SG,Houston Rockets,,,
2016,Chris Paul,PG,Los Angeles Clippers,,,
2016,Klay Thompson,G,Golden State Warriors,,,
2016,Anthony Davis,PF,New Orleans Pelicans,,,
2016,DeMarcus Cousins,C,Sacramento Kings,,,
2016,LaMarcus Aldridge,FC,San Antonio Spurs,,,
2017,Stephen Curry,G,Golden State Warriors,,,
2017,James Harden,SG,Houston Rockets,,,
2017,Kevin Durant,SF,Golden State Warriors,,,
2017,Kawhi Leonard,F,San Antonio Spurs,,,
2017,Anthony Davis,PF,New Orleans Pelicans,,,
2017,Russell Westbrook,G,Oklahoma City Thunder,,,
2017,DeMarcus Cousins,C,Sacramento Kings,,,
2017,Klay Thompson,G,Golden State Warriors,,,
2017,Draymond Green,F,Golden State Warriors,,,
2017,Marc Gasol,C,Memphis Grizzlies,,,
2017,DeAndre Jordan,C,Los Angeles Clippers,,,
2017,Gordon Hayward,GF,Utah Jazz,,,
2017,Kyrie Irving,G,Cleveland Cavaliers,,,
2017,DeMar DeRozan,GF,Toronto Raptors,,,
2017,LeBron James,F,Cleveland Cavaliers,,,
2017,Giannis Antetokounmpo,F,Milwaukee Bucks,,,
2017,Jimmy Butler,GF,Chicago Bulls,,,
2017,Isaiah Thomas,PG,Boston Celtics,,,
2017,John Wall,PG,Washington Wizards,,,
2017,Kevin Love,FC,Cleveland Cavaliers,,,
2017,Kyle Lowry,PG,Toronto Raptors,,,
2017,Paul George,GF,Indiana Pacers,,,
2017,Kemba Walker,G,Charlotte Hornets,,,
2017,Paul Millsap,FC,Atlanta Hawks,,,
